epoch,lr,step,train_loss,val_loss
0,9.999999747378752e-06,0,,
0,1.0884323273785412e-05,1,,
0,1.1768646800192073e-05,2,,
0,1.2652970326598734e-05,3,,
0,1.3537293853005394e-05,4,,
0,1.4421616469917353e-05,5,,
0,1.5305940905818716e-05,6,,
0,1.6190262613235973e-05,7,,
0,1.7074586139642633e-05,8,,
0,1.7958909666049294e-05,9,,
0,1.8843233192455955e-05,10,,
0,1.9727556718862616e-05,11,,
0,2.0611880245269276e-05,12,,
0,2.1496203771675937e-05,13,,
0,2.2380527298082598e-05,14,,
0,2.3264850824489258e-05,15,,
0,2.414917435089592e-05,16,,
0,2.503349787730258e-05,17,,
0,2.5917819584719837e-05,18,,
0,2.6802143111126497e-05,19,,
0,2.7686466637533158e-05,20,,
0,2.857079016393982e-05,21,,
0,2.945511369034648e-05,22,,
0,3.033943721675314e-05,23,,
0,3.12237607431598e-05,24,,
0,3.210808426956646e-05,25,,
0,3.299240779597312e-05,26,,
0,3.387673132237978e-05,27,,
0,3.4761054848786443e-05,28,,
0,3.5645378375193104e-05,29,,
0,3.6529701901599765e-05,30,,
0,3.7414025428006425e-05,31,,
0,3.8298348954413086e-05,32,,
0,3.918267248081975e-05,33,,
0,4.006699600722641e-05,34,,
0,4.095131589565426e-05,35,,
0,4.183563942206092e-05,36,,
0,4.271996294846758e-05,37,,
0,4.360428647487424e-05,38,,
0,4.4488610001280904e-05,39,,
0,4.5372933527687564e-05,40,,
0,4.6257257054094225e-05,41,,
0,4.7141580580500886e-05,42,,
0,4.8025904106907547e-05,43,,
0,4.891022763331421e-05,44,,
0,4.979455115972087e-05,45,,
0,5.067887468612753e-05,46,,
0,5.156319821253419e-05,47,,
0,5.244752173894085e-05,48,,
0,5.333184526534751e-05,49,,
0,5.421616879175417e-05,50,,
0,5.510049231816083e-05,51,,
0,5.598481584456749e-05,52,,
0,5.686913937097415e-05,53,,
0,5.7753462897380814e-05,54,,
0,5.8637786423787475e-05,55,,
0,5.952210631221533e-05,56,,
0,6.040642983862199e-05,57,,
0,6.129075336502865e-05,58,,
0,6.217508052941412e-05,59,,
0,6.305940041784197e-05,60,,
0,6.394372758222744e-05,61,,
0,6.482804747065529e-05,62,,
0,6.571237463504076e-05,63,,
0,6.659669452346861e-05,64,,
0,6.748102168785408e-05,65,,
0,6.836534157628193e-05,66,,
0,6.924966146470979e-05,67,,
0,7.013398862909526e-05,68,,
0,7.101830851752311e-05,69,,
0,7.190263568190858e-05,70,,
0,7.278695557033643e-05,71,,
0,7.36712827347219e-05,72,,
0,7.455560262314975e-05,73,,
0,7.543992978753522e-05,74,,
0,7.632424967596307e-05,75,,
0,7.720857684034854e-05,76,,
0,7.80928967287764e-05,77,,
0,7.897722389316186e-05,78,,
0,7.986154378158972e-05,79,,
0,8.074587094597518e-05,80,,
0,8.163019083440304e-05,81,,
0,8.25145179987885e-05,82,,
0,8.339883788721636e-05,83,,
0,8.428316505160183e-05,84,,
0,8.516748494002968e-05,85,,
0,8.605181210441515e-05,86,,
0,8.6936131992843e-05,87,,
0,8.782045915722847e-05,88,,
0,8.870477904565632e-05,89,,
0,8.958909893408418e-05,90,,
0,9.047342609846964e-05,91,,
0,9.13577459868975e-05,92,,
0,9.224207315128297e-05,93,,
0,9.312639303971082e-05,94,,
0,9.401072020409629e-05,95,,
0,9.489504009252414e-05,96,,
0,9.577936725690961e-05,97,,
0,9.666368714533746e-05,98,,
0,9.754801430972293e-05,99,,
0,9.843233419815078e-05,100,,
0,9.931666136253625e-05,101,,
0,0.0001002009812509641,102,,
0,0.00010108530841534957,103,,
0,0.00010196962830377743,104,,
0,0.0001028539554681629,105,,
0,0.00010373827535659075,106,,
0,0.00010462260252097622,107,,
0,0.00010550692240940407,108,,
0,0.00010639124957378954,109,,
0,0.00010727556946221739,110,,
0,0.00010815988935064524,111,,
0,0.00010904421651503071,112,,
0,0.00010992853640345857,113,,
0,0.00011081286356784403,114,,
0,0.00011169718345627189,115,,
0,0.00011258151062065735,116,,
0,0.00011346583050908521,117,,
0,0.00011435015767347068,118,,
0,0.00011523447756189853,119,,
0,0.000116118804726284,120,,
0,0.00011700312461471185,121,,
0,0.00011788745177909732,122,,
0,0.00011877177166752517,123,,
0,0.00011965609883191064,124,,
0,0.0001205404187203385,125,,
0,0.00012142474588472396,126,,
0,0.00012230906577315181,127,,
0,0.00012319338566157967,128,,
0,0.00012407772010192275,129,,
0,0.0001249620399903506,130,,
0,0.00012584635987877846,131,,
0,0.0001267306797672063,132,,
0,0.00012761499965563416,133,,
0,0.00012849933409597725,134,,
0,0.0001293836539844051,135,,
0,0.00013026797387283295,136,,
0,0.0001311522937612608,137,,
0,0.0001320366282016039,138,,
0,0.00013292094809003174,139,,
0,0.0001338052679784596,140,,
0,0.00013468958786688745,141,,
0,0.00013557392230723053,142,,
0,0.00013645824219565839,143,,
0,0.00013734256208408624,144,,
0,0.0001382268819725141,145,,
0,0.00013911121641285717,146,,
0,0.00013999553630128503,147,,
0,0.00014087985618971288,148,,
0,0.00014176417607814074,149,,
0,0.00014264851051848382,150,,
0,0.00014353283040691167,151,,
0,0.00014441715029533952,152,,
0,0.00014530147018376738,153,,
0,0.00014618579007219523,154,,
0,0.00014707012451253831,155,,
0,0.00014795444440096617,156,,
0,0.00014883876428939402,157,,
0,0.00014972308417782187,158,,
0,0.00015060741861816496,159,,
0,0.0001514917385065928,160,,
0,0.00015237605839502066,161,,
0,0.00015326037828344852,162,,
0,0.0001541447127237916,163,,
0,0.00015502903261221945,164,,
0,0.0001559133525006473,165,,
0,0.00015679767238907516,166,,
0,0.00015768200682941824,167,,
0,0.0001585663267178461,168,,
0,0.00015945064660627395,169,,
0,0.0001603349664947018,170,,
0,0.00016121930093504488,171,,
0,0.00016210362082347274,172,,
0,0.0001629879407119006,173,,
0,0.00016387226060032845,174,,
0,0.0001647565804887563,175,,
0,0.00016564091492909938,176,,
0,0.00016652523481752723,177,,
0,0.0001674095547059551,178,,
0,0.00016829387459438294,179,,
0,0.00016917820903472602,180,,
0,0.00017006252892315388,181,,
0,0.00017094684881158173,182,,
0,0.00017183116870000958,183,,
0,0.00017271550314035267,184,,
0,0.00017359982302878052,185,,
0,0.00017448414291720837,186,,
0,0.00017536846280563623,187,,
0,0.0001762527972459793,188,,
0,0.00017713711713440716,189,,
0,0.00017802143702283502,190,,
0,0.00017890575691126287,191,,
0,0.00017979009135160595,192,,
0,0.0001806744112400338,193,,
0,0.00018155873112846166,194,,
0,0.0001824430510168895,195,,
0,0.0001833273854572326,196,,
0,0.00018421170534566045,197,,
0,0.0001850960252340883,198,,
0,0.00018598034512251616,199,,
0,0.000186864665010944,200,,
0,0.0001877489994512871,201,,
0,0.00018863331933971494,202,,
0,0.0001895176392281428,203,,
0,0.00019040195911657065,204,,
0,0.00019128629355691373,205,,
0,0.0001921706134453416,206,,
0,0.00019305493333376944,207,,
0,0.0001939392532221973,208,,
0,0.00019482358766254038,209,,
0,0.00019570790755096823,210,,
0,0.00019659222743939608,211,,
0,0.00019747654732782394,212,,
0,0.00019836088176816702,213,,
0,0.00019924520165659487,214,,
0,0.00020012952154502273,215,,
0,0.00020101384143345058,216,,
0,0.00020189817587379366,217,,
0,0.00020278249576222152,218,,
0,0.00020366681565064937,219,,
0,0.00020455113553907722,220,,
0,0.00020543545542750508,221,,
0,0.00020631978986784816,222,,
0,0.000207204109756276,223,,
0,0.00020808842964470387,224,,
0,0.00020897274953313172,225,,
0,0.0002098570839734748,226,,
0,0.00021074140386190265,227,,
0,0.0002116257237503305,228,,
0,0.00021251004363875836,229,,
0,0.00021339437807910144,230,,
0,0.0002142786979675293,231,,
0,0.00021516301785595715,232,,
0,0.000216047337744385,233,,
0,0.00021693167218472809,234,,
0,0.00021781599207315594,235,,
0,0.0002187003119615838,236,,
0,0.00021958463185001165,237,,
0,0.00022046896629035473,238,,
0,0.00022135328617878258,239,,
0,0.00022223760606721044,240,,
0,0.0002231219259556383,241,,
0,0.00022400624584406614,242,,
0,0.00022489058028440922,243,,
0,0.00022577490017283708,244,,
0,0.00022665922006126493,245,,
0,0.00022754353994969279,246,,
0,0.00022842787439003587,247,,
0,0.00022931219427846372,248,,
0,0.00023019651416689157,249,,
0,0.00023108083405531943,250,,
0,0.0002319651684956625,251,,
0,0.00023284948838409036,252,,
0,0.00023373380827251822,253,,
0,0.00023461812816094607,254,,
0,0.00023550246260128915,255,,
0,0.000236386782489717,256,,
0,0.00023727110237814486,257,,
0,0.00023815542226657271,258,,
0,0.0002390397567069158,259,,
0,0.00023992407659534365,260,,
0,0.0002408083964837715,261,,
0,0.00024169271637219936,262,,
0,0.0002425770362606272,263,,
0,0.0002434613707009703,264,,
0,0.00024434569058939815,265,,
0,0.000245230010477826,266,,
0,0.00024611433036625385,267,,
0,0.0002469986502546817,268,,
0,0.00024788297014310956,269,,
0,0.00024876731913536787,270,,
0,0.0002496516390237957,271,,
0,0.0002505359589122236,272,,
0,0.00025142027880065143,273,,
0,0.0002523045986890793,274,,
0,0.00025318891857750714,275,,
0,0.000254073238465935,276,,
0,0.00025495755835436285,277,,
0,0.00025584190734662116,278,,
0,0.000256726227235049,279,,
0,0.00025761054712347686,280,,
0,0.0002584948670119047,281,,
0,0.00025937918690033257,282,,
0,0.0002602635067887604,283,,
0,0.0002611478266771883,284,,
0,0.00026203214656561613,285,,
0,0.000262916466454044,286,,
0,0.0002638008154463023,287,,
0,0.00026468513533473015,288,,
0,0.000265569455223158,289,,
0,0.00026645377511158586,290,,
0,0.0002673380950000137,291,,
0,0.00026822241488844156,292,,
0,0.0002691067347768694,293,,
0,0.00026999105466529727,294,,
0,0.0002708754036575556,295,,
0,0.00027175972354598343,296,,
0,0.0002726440434344113,297,,
0,0.00027352836332283914,298,,
0,0.000274412683211267,299,,
0,0.00027529700309969485,300,,
0,0.0002761813229881227,301,,
0,0.00027706564287655056,302,,
0,0.00027794999186880887,303,,
0,0.0002788343117572367,304,,
0,0.00027971863164566457,305,,
0,0.0002806029515340924,306,,
0,0.0002814872714225203,307,,
0,0.00028237159131094813,308,,
0,0.000283255911199376,309,,
0,0.00028414023108780384,310,,
0,0.0002850245509762317,311,,
0,0.00028590889996849,312,,
0,0.00028679321985691786,313,,
0,0.0002876775397453457,314,,
0,0.00028856185963377357,315,,
0,0.0002894461795222014,316,,
0,0.00029033049941062927,317,,
0,0.0002912148192990571,318,,
0,0.000292099139187485,319,,
0,0.0002929834881797433,320,,
0,0.00029386780806817114,321,,
0,0.000294752127956599,322,,
0,0.00029563644784502685,323,,
0,0.0002965207677334547,324,,
0,0.00029740508762188256,325,,
0,0.0002982894075103104,326,,
0,0.00029917372739873827,327,,
0,0.0003000580472871661,328,,
0,0.00030094239627942443,329,,
0,0.0003018267161678523,330,,
0,0.00030271103605628014,331,,
0,0.000303595355944708,332,,
0,0.00030447967583313584,333,,
0,0.0003053639957215637,334,,
0,0.00030624831560999155,335,,
0,0.0003071326354984194,336,,
0,0.0003080169844906777,337,,
0,0.00030890130437910557,338,,
0,0.0003097856242675334,339,,
0,0.0003106699441559613,340,,
0,0.00031155426404438913,341,,
0,0.000312438583932817,342,,
0,0.00031332290382124484,343,,
0,0.0003142072237096727,344,,
0,0.000315091572701931,345,,
0,0.00031597589259035885,346,,
0,0.0003168602124787867,347,,
0,0.00031774453236721456,348,,
0,0.0003186288522556424,349,,
0,0.00031951317214407027,350,,
0,0.0003203974920324981,351,,
0,0.000321281811920926,352,,
0,0.00032216613180935383,353,,
0,0.00032305048080161214,354,,
0,0.00032393480069004,355,,
0,0.00032481912057846785,356,,
0,0.0003257034404668957,357,,
0,0.00032658776035532355,358,,
0,0.0003274720802437514,359,,
0,0.00032835640013217926,360,,
0,0.0003292407200206071,361,,
0,0.0003301250690128654,362,,
0,0.0003310093889012933,363,,
0,0.00033189370878972113,364,,
0,0.000332778028678149,365,,
0,0.00033366234856657684,366,,
0,0.0003345466684550047,367,,
0,0.00033543098834343255,368,,
0,0.0003363153082318604,369,,
0,0.0003371996572241187,370,,
0,0.00033808397711254656,371,,
0,0.0003389682970009744,372,,
0,0.00033985261688940227,373,,
0,0.0003407369367778301,374,,
0,0.000341621256666258,375,,
0,0.00034250557655468583,376,,
0,0.0003433898964431137,377,,
0,0.00034427421633154154,378,,
0,0.00034515856532379985,379,,
0,0.0003460428852122277,380,,
0,0.00034692720510065556,381,,
0,0.0003478115249890834,382,,
0,0.00034869584487751126,383,,
0,0.0003495801647659391,384,,
0,0.00035046448465436697,385,,
0,0.0003513488045427948,386,,
0,0.00035223315353505313,387,,
0,0.000353117473423481,388,,
0,0.00035400179331190884,389,,
0,0.0003548861132003367,390,,
0,0.00035577043308876455,391,,
0,0.0003566547529771924,392,,
0,0.00035753907286562026,393,,
0,0.0003584233927540481,394,,
0,0.00035930771264247596,395,,
0,0.0003601920616347343,396,,
0,0.0003610763815231621,397,,
0,0.00036196070141159,398,,
0,0.00036284502130001783,399,,
0,0.0003637293411884457,400,,
0,0.00036461366107687354,401,,
0,0.0003654979809653014,402,,
0,0.00036638230085372925,403,,
0,0.00036726664984598756,404,,
0,0.0003681509697344154,405,,
0,0.00036903528962284327,406,,
0,0.0003699196095112711,407,,
0,0.00037080392939969897,408,,
0,0.0003716882492881268,409,,
0,0.0003725725691765547,410,,
0,0.00037345688906498253,411,,
0,0.00037434123805724084,412,,
0,0.0003752255579456687,413,,
0,0.00037610987783409655,414,,
0,0.0003769941977225244,415,,
0,0.00037787851761095226,416,,
0,0.0003787628374993801,417,,
0,0.00037964715738780797,418,,
0,0.0003805314772762358,419,,
0,0.00038141579716466367,420,,
0,0.000382300146156922,421,,
0,0.00038318446604534984,422,,
0,0.0003840687859337777,423,,
0,0.00038495310582220554,424,,
0,0.0003858374257106334,425,,
0,0.00038672174559906125,426,,
0,0.0003876060654874891,427,,
0,0.00038849038537591696,428,,
0,0.00038937473436817527,429,,
0,0.0003902590542566031,430,,
0,0.000391143374145031,431,,
0,0.00039202769403345883,432,,
0,0.0003929120139218867,433,,
0,0.00039379633381031454,434,,
0,0.0003946806536987424,435,,
0,0.00039556497358717024,436,,
0,0.0003964492934755981,437,,
0,0.0003973336424678564,438,,
0,0.00039821796235628426,439,,
0,0.0003991022822447121,440,,
0,0.00039998660213313997,441,,
0,0.0004008709220215678,442,,
0,0.0004017552419099957,443,,
0,0.00040263956179842353,444,,
0,0.0004035238816868514,445,,
0,0.0004044082306791097,446,,
0,0.00040529255056753755,447,,
0,0.0004061768704559654,448,,
0,0.00040706119034439325,449,,
0,0.0004079455102328211,450,,
0,0.00040882983012124896,451,,
0,0.0004097141500096768,452,,
0,0.00041059846989810467,453,,
0,0.000411482818890363,454,,
0,0.00041236713877879083,455,,
0,0.0004132514586672187,456,,
0,0.00041413577855564654,457,,
0,0.0004150200984440744,458,,
0,0.00041590441833250225,459,,
0,0.0004167887382209301,460,,
0,0.00041767305810935795,461,,
0,0.0004185573779977858,462,,
0,0.0004194417269900441,463,,
0,0.00042032604687847197,464,,
0,0.0004212103667668998,465,,
0,0.0004220946866553277,466,,
0,0.00042297900654375553,467,,
0,0.0004238633264321834,468,,
0,0.00042474764632061124,469,,
0,0.0004256319662090391,470,,
0,0.0004265163152012974,471,,
0,0.00042740063508972526,472,,
0,0.0004282849549781531,473,,
0,0.00042916927486658096,474,,
0,0.0004300535947550088,475,,
0,0.00043093791464343667,476,,
0,0.0004318222345318645,477,,
0,0.0004327065544202924,478,,
0,0.00043359087430872023,479,,
0,0.00043447522330097854,480,,
0,0.0004353595431894064,481,,
0,0.00043624386307783425,482,,
0,0.0004371281829662621,483,,
0,0.00043801250285468996,484,,
0,0.0004388968227431178,485,,
0,0.00043978114263154566,486,,
0,0.0004406654625199735,487,,
0,0.0004415498115122318,488,,
0,0.0004424341314006597,489,,
0,0.00044331845128908753,490,,
0,0.0004442027711775154,491,,
0,0.00044508709106594324,492,,
0,0.0004459714109543711,493,,
0,0.00044685573084279895,494,,
0,0.0004477400507312268,495,,
0,0.0004486243997234851,496,,
0,0.00044950871961191297,497,,
0,0.0004503930395003408,498,,
0,0.0004512773593887687,499,,
0,0.0004521616792771965,500,,
0,0.0004530459991656244,501,,
0,0.00045393031905405223,502,,
0,0.0004548146389424801,503,,
0,0.00045569895883090794,504,,
0,0.00045658330782316625,505,,
0,0.0004574676277115941,506,,
0,0.00045835194760002196,507,,
0,0.0004592362674884498,508,,
0,0.00046012058737687767,509,,
0,0.0004610049072653055,510,,
0,0.00046188922715373337,511,,
0,0.0004627735470421612,512,,
0,0.00046365789603441954,513,,
0,0.0004645422159228474,514,,
0,0.00046542653581127524,515,,
0,0.0004663108556997031,516,,
0,0.00046719517558813095,517,,
0,0.0004680794954765588,518,,
0,0.00046896381536498666,519,,
0,0.0004698481352534145,520,,
0,0.0004707324842456728,521,,
0,0.0004716168041341007,522,,
0,0.00047250112402252853,523,,
0,0.0004733854439109564,524,,
0,0.00047426976379938424,525,,
0,0.0004751540836878121,526,,
0,0.00047603840357623994,527,,
0,0.0004769227234646678,528,,
0,0.00047780704335309565,529,,
0,0.00047869139234535396,530,,
0,0.0004795757122337818,531,,
0,0.00048046003212220967,532,,
0,0.0004813443520106375,533,,
0,0.0004822286718990654,534,,
0,0.00048311299178749323,535,,
0,0.0004839973116759211,536,,
0,0.00048488163156434894,537,,
0,0.00048576598055660725,538,,
0,0.0004866503004450351,539,,
0,0.00048753462033346295,540,,
0,0.0004884189111180604,541,,
0,0.0004893032601103187,542,,
0,0.000490187609102577,543,,
0,0.0004910718998871744,544,,
0,0.0004919562488794327,545,,
0,0.0004928405396640301,546,,
0,0.0004937248886562884,547,,
0,0.0004946091794408858,548,,
0,0.0004954935284331441,549,,
0,0.0004963778192177415,550,,
0,0.0004972621682099998,551,,
0,0.0004981465172022581,552,,
0,0.0004990308079868555,553,,
0,0.0004999151569791138,554,,
0,0.0005007994477637112,555,,
0,0.0005016837967559695,556,,
0,0.0005025680875405669,557,,
0,0.0005034524365328252,558,,
0,0.0005043367855250835,559,,
0,0.0005052210763096809,560,,
0,0.0005061054253019392,561,,
0,0.0005069897160865366,562,,
0,0.000507874065078795,563,,
0,0.0005087583558633924,564,,
0,0.0005096427048556507,565,,
0,0.0005105269956402481,566,,
0,0.0005114113446325064,567,,
0,0.0005122956936247647,568,,
0,0.0005131799844093621,569,,
0,0.0005140643334016204,570,,
0,0.0005149486241862178,571,,
0,0.0005158329731784761,572,,
0,0.0005167172639630735,573,,
0,0.0005176016129553318,574,,
0,0.0005184859037399292,575,,
0,0.0005193702527321875,576,,
0,0.0005202546017244458,577,,
0,0.0005211388925090432,578,,
0,0.0005220232415013015,579,,
0,0.0005229075322858989,580,,
0,0.0005237918812781572,581,,
0,0.0005246761720627546,582,,
0,0.0005255605210550129,583,,
0,0.0005264448700472713,584,,
0,0.0005273291608318686,585,,
0,0.000528213509824127,586,,
0,0.0005290978006087244,587,,
0,0.0005299821496009827,588,,
0,0.0005308664403855801,589,,
0,0.0005317507893778384,590,,
0,0.0005326350801624358,591,,
0,0.0005335194291546941,592,,
0,0.0005344037781469524,593,,
0,0.0005352880689315498,594,,
0,0.0005361724179238081,595,,
0,0.0005370567087084055,596,,
0,0.0005379410577006638,597,,
0,0.0005388253484852612,598,,
0,0.0005397096974775195,599,,
0,0.0005405939882621169,600,,
0,0.0005414783372543752,601,,
0,0.0005423626862466335,602,,
0,0.0005432469770312309,603,,
0,0.0005441313260234892,604,,
0,0.0005450156168080866,605,,
0,0.0005458999658003449,606,,
0,0.0005467842565849423,607,,
0,0.0005476686055772007,608,,
0,0.000548552896361798,609,,
0,0.0005494372453540564,610,,
0,0.0005503215943463147,611,,
0,0.0005512058851309121,612,,
0,0.0005520902341231704,613,,
0,0.0005529745249077678,614,,
0,0.0005538588739000261,615,,
0,0.0005547431646846235,616,,
0,0.0005556275136768818,617,,
0,0.0005565118626691401,618,,
0,0.0005573961534537375,619,,
0,0.0005582805024459958,620,,
0,0.0005591647932305932,621,,
0,0.0005600491422228515,622,,
0,0.0005609334330074489,623,,
0,0.0005618177819997072,624,,
0,0.0005627020727843046,625,,
0,0.0005635864217765629,626,,
0,0.0005644707707688212,627,,
0,0.0005653550615534186,628,,
0,0.000566239410545677,629,,
0,0.0005671237013302743,630,,
0,0.0005680080503225327,631,,
0,0.00056889234110713,632,,
0,0.0005697766900993884,633,,
0,0.0005706609808839858,634,,
0,0.0005715453298762441,635,,
0,0.0005724296788685024,636,,
0,0.0005733139696530998,637,,
0,0.0005741983186453581,638,,
0,0.0005750826094299555,639,,
0,0.0005759669584222138,640,,
0,0.0005768512492068112,641,,
0,0.0005777355981990695,642,,
0,0.0005786199471913278,643,,
0,0.0005795042379759252,644,,
0,0.0005803885869681835,645,,
0,0.0005812728777527809,646,,
0,0.0005821572267450392,647,,
0,0.0005830415175296366,648,,
0,0.0005839258665218949,649,,
0,0.0005848101573064923,650,,
0,0.0005856945062987506,651,,
0,0.000586578855291009,652,,
0,0.0005874631460756063,653,,
0,0.0005883474950678647,654,,
0,0.000589231785852462,655,,
0,0.0005901161348447204,656,,
0,0.0005910004256293178,657,,
0,0.0005918847746215761,658,,
0,0.0005927690654061735,659,,
0,0.0005936534143984318,660,,
0,0.0005945377633906901,661,,
0,0.0005954220541752875,662,,
0,0.0005963064031675458,663,,
0,0.0005971906939521432,664,,
0,0.0005980750429444015,665,,
0,0.0005989593337289989,666,,
0,0.0005998436827212572,667,,
0,0.0006007280317135155,668,,
0,0.0006016123224981129,669,,
0,0.0006024966714903712,670,,
0,0.0006033809622749686,671,,
0,0.0006042653112672269,672,,
0,0.0006051496020518243,673,,
0,0.0006060339510440826,674,,
0,0.00060691824182868,675,,
0,0.0006078025908209383,676,,
0,0.0006086869398131967,677,,
0,0.0006095712305977941,678,,
0,0.0006104555795900524,679,,
0,0.0006113398703746498,680,,
0,0.0006122242193669081,681,,
0,0.0006131085101515055,682,,
0,0.0006139928591437638,683,,
0,0.0006148771499283612,684,,
0,0.0006157614989206195,685,,
0,0.0006166458479128778,686,,
0,0.0006175301386974752,687,,
0,0.0006184144876897335,688,,
0,0.0006192987784743309,689,,
0,0.0006201831274665892,690,,
0,0.0006210674182511866,691,,
0,0.0006219517672434449,692,,
0,0.0006228361162357032,693,,
0,0.0006237204070203006,694,,
0,0.0006246047560125589,695,,
0,0.0006254890467971563,696,,
0,0.0006263733957894146,697,,
0,0.000627257686574012,698,,
0,0.0006281420355662704,699,,
0,0.0006290263263508677,700,,
0,0.0006299106753431261,701,,
0,0.0006307950243353844,702,,
0,0.0006316793151199818,703,,
0,0.0006325636641122401,704,,
0,0.0006334479548968375,705,,
0,0.0006343323038890958,706,,
0,0.0006352165946736932,707,,
0,0.0006361009436659515,708,,
0,0.0006369852344505489,709,,
0,0.0006378695834428072,710,,
0,0.0006387539324350655,711,,
0,0.0006396382232196629,712,,
0,0.0006405225722119212,713,,
0,0.0006414068629965186,714,,
0,0.0006422912119887769,715,,
0,0.0006431755027733743,716,,
0,0.0006440598517656326,717,,
0,0.00064494414255023,718,,
0,0.0006458284915424883,719,,
0,0.0006467128405347466,720,,
0,0.000647597131319344,721,,
0,0.0006484814803116024,722,,
0,0.0006493657710961998,723,,
0,0.0006502501200884581,724,,
0,0.0006511344108730555,725,,
0,0.0006520187598653138,726,,
0,0.0006529031088575721,727,,
0,0.0006537873996421695,728,,
0,0.0006546717486344278,729,,
0,0.0006555560394190252,730,,
0,0.0006564403884112835,731,,
0,0.0006573246791958809,732,,
0,0.0006582090281881392,733,,
0,0.0006590933189727366,734,,
0,0.0006599776679649949,735,,
0,0.0006608620169572532,736,,
0,0.0006617463077418506,737,,
0,0.0006626306567341089,738,,
0,0.0006635149475187063,739,,
0,0.0006643992965109646,740,,
0,0.000665283587295562,741,,
0,0.0006661679362878203,742,,
0,0.0006670522270724177,743,,
0,0.000667936576064676,744,,
0,0.0006688209250569344,745,,
0,0.0006697052158415318,746,,
0,0.0006705895648337901,747,,
0,0.0006714738556183875,748,,
0,0.0006723582046106458,749,,
0,0.0006732424953952432,750,,
0,0.0006741268443875015,751,,
0,0.0006750111933797598,752,,
0,0.0006758954841643572,753,,
0,0.0006767798331566155,754,,
0,0.0006776641239412129,755,,
0,0.0006785484729334712,756,,
0,0.0006794327637180686,757,,
0,0.0006803171127103269,758,,
0,0.0006812014034949243,759,,
0,0.0006820857524871826,760,,
0,0.0006829701014794409,761,,
0,0.0006838543922640383,762,,
0,0.0006847387412562966,763,,
0,0.000685623032040894,764,,
0,0.0006865073810331523,765,,
0,0.0006873916718177497,766,,
0,0.000688276020810008,767,,
0,0.0006891603115946054,768,,
0,0.0006900446605868638,769,,
0,0.0006909290095791221,770,,
0,0.0006918133003637195,771,,
0,0.0006926976493559778,772,,
0,0.0006935819401405752,773,,
0,0.0006944662891328335,774,,
0,0.0006953505799174309,775,,
0,0.0006962349289096892,776,,
0,0.0006971192779019475,777,,
0,0.0006980035686865449,778,,
0,0.0006988879176788032,779,,
0,0.0006997722084634006,780,,
0,0.0007006565574556589,781,,
0,0.0007015408482402563,782,,
0,0.0007024251972325146,783,,
0,0.000703309488017112,784,,
0,0.0007041938370093703,785,,
0,0.0007050781860016286,786,,
0,0.000705962476786226,787,,
0,0.0007068468257784843,788,,
0,0.0007077311165630817,789,,
0,0.00070861546555534,790,,
0,0.0007094997563399374,791,,
0,0.0007103841053321958,792,,
0,0.0007112683961167932,793,,
0,0.0007121527451090515,794,,
0,0.0007130370941013098,795,,
0,0.0007139213848859072,796,,
0,0.0007148057338781655,797,,
0,0.0007156900246627629,798,,
0,0.0007165743736550212,799,,
0,0.0007174586644396186,800,,
0,0.0007183430134318769,801,,
0,0.0007192273624241352,802,,
0,0.0007201116532087326,803,,
0,0.0007209960022009909,804,,
0,0.0007218802929855883,805,,
0,0.0007227646419778466,806,,
0,0.000723648932762444,807,,
0,0.0007245332817547023,808,,
0,0.0007254175725392997,809,,
0,0.000726301921531558,810,,
0,0.0007271862705238163,811,,
0,0.0007280705613084137,812,,
0,0.0007289549103006721,813,,
0,0.0007298392010852695,814,,
0,0.0007307235500775278,815,,
0,0.0007316078408621252,816,,
0,0.0007324921898543835,817,,
0,0.0007333764806389809,818,,
0,0.0007342608296312392,819,,
0,0.0007351451786234975,820,,
0,0.0007360294694080949,821,,
0,0.0007369138184003532,822,,
0,0.0007377981091849506,823,,
0,0.0007386824581772089,824,,
0,0.0007395667489618063,825,,
0,0.0007404510979540646,826,,
0,0.000741335388738662,827,,
0,0.0007422197377309203,828,,
0,0.0007431040867231786,829,,
0,0.000743988377507776,830,,
0,0.0007448727265000343,831,,
0,0.0007457570172846317,832,,
0,0.00074664136627689,833,,
0,0.0007475256570614874,834,,
0,0.0007484100060537457,835,,
0,0.0007492943550460041,836,,
0,0.0007501786458306015,837,,
0,0.0007510629948228598,838,,
0,0.0007519472856074572,839,,
0,0.0007528316345997155,840,,
0,0.0007537159253843129,841,,
0,0.0007546002743765712,842,,
0,0.0007554845651611686,843,,
0,0.0007563689141534269,844,,
0,0.0007572532631456852,845,,
0,0.0007581375539302826,846,,
0,0.0007590219029225409,847,,
0,0.0007599061937071383,848,,
0,0.0007607905426993966,849,,
0,0.000761674833483994,850,,
0,0.0007625591824762523,851,,
0,0.0007634434732608497,852,,
0,0.000764327822253108,853,,
0,0.0007652121712453663,854,,
0,0.0007660964620299637,855,,
0,0.000766980811022222,856,,
0,0.0007678651018068194,857,,
0,0.0007687494507990777,858,,
0,0.0007696337415836751,859,,
0,0.0007705180905759335,860,,
0,0.0007714024395681918,861,,
0,0.0007722867303527892,862,,
0,0.0007731710793450475,863,,
0,0.0007740553701296449,864,,
0,0.0007749397191219032,865,,
0,0.0007758240099065006,866,,
0,0.0007767083588987589,867,,
0,0.0007775926496833563,868,,
0,0.0007784769986756146,869,,
0,0.0007793613476678729,870,,
0,0.0007802456384524703,871,,
0,0.0007811299874447286,872,,
0,0.000782014278229326,873,,
0,0.0007828986272215843,874,,
0,0.0007837829180061817,875,,
0,0.00078466726699844,876,,
0,0.0007855515577830374,877,,
0,0.0007864359067752957,878,,
0,0.000787320255767554,879,,
0,0.0007882045465521514,880,,
0,0.0007890888955444098,881,,
0,0.0007899731863290071,882,,
0,0.0007908575353212655,883,,
0,0.0007917418261058629,884,,
0,0.0007926261750981212,885,,
0,0.0007935105240903795,886,,
0,0.0007943948148749769,887,,
0,0.0007952791638672352,888,,
0,0.0007961634546518326,889,,
0,0.0007970478036440909,890,,
0,0.0007979320944286883,891,,
0,0.0007988164434209466,892,,
0,0.000799700734205544,893,,
0,0.0008005850831978023,894,,
0,0.0008014694321900606,895,,
0,0.000802353722974658,896,,
0,0.0008032380719669163,897,,
0,0.0008041223627515137,898,,
0,0.000805006711743772,899,,
0,0.0008058910025283694,900,,
0,0.0008067753515206277,901,,
0,0.0008076596423052251,902,,
0,0.0008085439912974834,903,,
0,0.0008094283402897418,904,,
0,0.0008103126310743392,905,,
0,0.0008111969800665975,906,,
0,0.0008120812708511949,907,,
0,0.0008129656198434532,908,,
0,0.0008138499106280506,909,,
0,0.0008147342596203089,910,,
0,0.0008156186086125672,911,,
0,0.0008165028993971646,912,,
0,0.0008173872483894229,913,,
0,0.0008182715391740203,914,,
0,0.0008191558881662786,915,,
0,0.000820040178950876,916,,
0,0.0008209245279431343,917,,
0,0.0008218088187277317,918,,
0,0.00082269316771999,919,,
0,0.0008235775167122483,920,,
0,0.0008244618074968457,921,,
0,0.000825346156489104,922,,
0,0.0008262304472737014,923,,
0,0.0008271147962659597,924,,
0,0.0008279990870505571,925,,
0,0.0008288834360428154,926,,
0,0.0008297677268274128,927,,
0,0.0008306520758196712,928,,
0,0.0008315364248119295,929,,
0,0.0008324207155965269,930,,
0,0.0008333050645887852,931,,
0,0.0008341893553733826,932,,
0,0.0008350737043656409,933,,
0,0.0008359579951502383,934,,
0,0.0008368423441424966,935,,
0,0.000837726634927094,936,,
0,0.0008386109839193523,937,,
0,0.0008394953329116106,938,,
0,0.000840379623696208,939,,
0,0.0008412639726884663,940,,
0,0.0008421482634730637,941,,
0,0.000843032612465322,942,,
0,0.0008439169032499194,943,,
0,0.0008448012522421777,944,,
0,0.000845685601234436,945,,
0,0.0008465698920190334,946,,
0,0.0008474542410112917,947,,
0,0.0008483385317958891,948,,
0,0.0008492228807881474,949,,
0,0.0008501071715727448,950,,
0,0.0008509915205650032,951,,
0,0.0008518758113496006,952,,
0,0.0008527601603418589,953,,
0,0.0008536445093341172,954,,
0,0.0008545288001187146,955,,
0,0.0008554131491109729,956,,
0,0.0008562974398955703,957,,
0,0.0008571817888878286,958,,
0,0.000858066079672426,959,,
0,0.0008589504286646843,960,,
0,0.0008598347194492817,961,,
0,0.00086071906844154,962,,
0,0.0008616034174337983,963,,
0,0.0008624877082183957,964,,
0,0.000863372057210654,965,,
0,0.0008642563479952514,966,,
0,0.0008651406969875097,967,,
0,0.0008660249877721071,968,,
0,0.0008669093367643654,969,,
0,0.0008677936857566237,970,,
0,0.0008686779765412211,971,,
0,0.0008695623255334795,972,,
0,0.0008704466163180768,973,,
0,0.0008713309653103352,974,,
0,0.0008722152560949326,975,,
0,0.0008730996050871909,976,,
0,0.0008739838958717883,977,,
0,0.0008748682448640466,978,,
0,0.0008757525938563049,979,,
0,0.0008766368846409023,980,,
0,0.0008775212336331606,981,,
0,0.000878405524417758,982,,
0,0.0008792898734100163,983,,
0,0.0008801741641946137,984,,
0,0.000881058513186872,985,,
0,0.0008819428039714694,986,,
0,0.0008828271529637277,987,,
0,0.000883711501955986,988,,
0,0.0008845957927405834,989,,
0,0.0008854801417328417,990,,
0,0.0008863644325174391,991,,
0,0.0008872487815096974,992,,
0,0.0008881330722942948,993,,
0,0.0008890174212865531,994,,
0,0.0008899017702788115,995,,
0,0.0008907860610634089,996,,
0,0.0008916704100556672,997,,
0,0.0008925547008402646,998,,
0,0.0008934390498325229,999,,
0,0.0008943233406171203,1000,,
0,0.0008952076896093786,1001,,
0,0.000896091980393976,1002,,
0,0.0008969763293862343,1003,,
0,0.0008978606783784926,1004,,
0,0.00089874496916309,1005,,
0,0.0008996293181553483,1006,,
0,0.0009005136089399457,1007,,
0,0.000901397957932204,1008,,
0,0.0009022822487168014,1009,,
0,0.0009031665977090597,1010,,
0,0.0009040508884936571,1011,,
0,0.0009049352374859154,1012,,
0,0.0009058195864781737,1013,,
0,0.0009067038772627711,1014,,
0,0.0009075882262550294,1015,,
0,0.0009084725170396268,1016,,
0,0.0009093568660318851,1017,,
0,0.0009102411568164825,1018,,
0,0.0009111255058087409,1019,,
0,0.0009120098548009992,1020,,
0,0.0009128941455855966,1021,,
0,0.0009137784945778549,1022,,
0,0.0009146627853624523,1023,,
0,0.0009155471343547106,1024,,
0,0.000916431425139308,1025,,
0,0.0009173157741315663,1026,,
0,0.0009182000649161637,1027,,
0,0.000919084413908422,1028,,
0,0.0009199687629006803,1029,,
0,0.0009208530536852777,1030,,
0,0.000921737402677536,1031,,
0,0.0009226216934621334,1032,,
0,0.0009235060424543917,1033,,
0,0.0009243903332389891,1034,,
0,0.0009252746822312474,1035,,
0,0.0009261589730158448,1036,,
0,0.0009270433220081031,1037,,
0,0.0009279276710003614,1038,,
0,0.0009288119617849588,1039,,
0,0.0009296963107772171,1040,,
0,0.0009305806015618145,1041,,
0,0.0009314649505540729,1042,,
0,0.0009323492413386703,1043,,
0,0.0009332335903309286,1044,,
0,0.000934117881115526,1045,,
0,0.0009350022301077843,1046,,
0,0.0009358865791000426,1047,,
0,0.00093677086988464,1048,,
0,0.0009376552188768983,1049,,
0,0.0009385395096614957,1050,,
0,0.000939423858653754,1051,,
0,0.0009403081494383514,1052,,
0,0.0009411924984306097,1053,,
0,0.000942076847422868,1054,,
0,0.0009429611382074654,1055,,
0,0.0009438454871997237,1056,,
0,0.0009447297779843211,1057,,
0,0.0009456141269765794,1058,,
0,0.0009464984177611768,1059,,
0,0.0009473827667534351,1060,,
0,0.0009482670575380325,1061,,
0,0.0009491514065302908,1062,,
0,0.0009500357555225492,1063,,
0,0.0009509200463071465,1064,,
0,0.0009518043952994049,1065,,
0,0.0009526886860840023,1066,,
0,0.0009535730350762606,1067,,
0,0.000954457325860858,1068,,
0,0.0009553416748531163,1069,,
0,0.0009562259656377137,1070,,
0,0.000957110314629972,1071,,
0,0.0009579946636222303,1072,,
0,0.0009588789544068277,1073,,
0,0.000959763303399086,1074,,
0,0.0009606475941836834,1075,,
0,0.0009615319431759417,1076,,
0,0.0009624162339605391,1077,,
0,0.0009633005829527974,1078,,
0,0.0009641849319450557,1079,,
0,0.0009650692227296531,1080,,
0,0.0009659535717219114,1081,,
0,0.0009668378625065088,1082,,
0,0.0009677222114987671,1083,,
0,0.0009686065022833645,1084,,
0,0.0009694908512756228,1085,,
0,0.0009703751420602202,1086,,
0,0.0009712594910524786,1087,,
0,0.0009721438400447369,1088,,
0,0.0009730281308293343,1089,,
0,0.0009739124798215926,1090,,
0,0.00097479677060619,1091,,
0,0.0009756811195984483,1092,,
0,0.0009765654103830457,1093,,
0,0.000977449701167643,1094,,
0,0.0009783341083675623,1095,,
0,0.0009792183991521597,1096,,
0,0.000980102689936757,1097,,
0,0.0009809870971366763,1098,,
0,0.0009818713879212737,1099,,
0,0.000982755678705871,1100,,
0,0.0009836399694904685,1101,,
0,0.0009845243766903877,1102,,
0,0.0009854086674749851,1103,,
0,0.0009862929582595825,1104,,
0,0.0009871773654595017,1105,,
0,0.0009880616562440991,1106,,
0,0.0009889459470286965,1107,,
0,0.000989830237813294,1108,,
0,0.0009907146450132132,1109,,
0,0.0009915989357978106,1110,,
0,0.000992483226582408,1111,,
0,0.0009933675173670053,1112,,
0,0.0009942519245669246,1113,,
0,0.000995136215351522,1114,,
0,0.0009960205061361194,1115,,
0,0.0009969049133360386,1116,,
0,0.000997789204120636,1117,,
0,0.0009986734949052334,1118,,
0,0.0009995577856898308,1119,,
0,0.0009995577856898308,1120,,
0,0.0009986734949052334,1121,,
0,0.000997789204120636,1122,,
0,0.0009969049133360386,1123,,
0,0.0009960205061361194,1124,,
0,0.000995136215351522,1125,,
0,0.0009942519245669246,1126,,
0,0.0009933675173670053,1127,,
0,0.000992483226582408,1128,,
0,0.0009915989357978106,1129,,
0,0.0009907146450132132,1130,,
0,0.000989830237813294,1131,,
0,0.0009889459470286965,1132,,
0,0.0009880616562440991,1133,,
0,0.0009871773654595017,1134,,
0,0.0009862929582595825,1135,,
0,0.0009854086674749851,1136,,
0,0.0009845243766903877,1137,,
0,0.0009836399694904685,1138,,
0,0.000982755678705871,1139,,
0,0.0009818713879212737,1140,,
0,0.0009809870971366763,1141,,
0,0.000980102689936757,1142,,
0,0.0009792183991521597,1143,,
0,0.0009783341083675623,1144,,
0,0.000977449701167643,1145,,
0,0.0009765654103830457,1146,,
0,0.0009756811195984483,1147,,
0,0.00097479677060619,1148,,
0,0.0009739124798215926,1149,,
0,0.0009730281308293343,1150,,
0,0.0009721438400447369,1151,,
0,0.0009712594910524786,1152,,
0,0.0009703751420602202,1153,,
0,0.0009694908512756228,1154,,
0,0.0009686065022833645,1155,,
0,0.0009677222114987671,1156,,
0,0.0009668378625065088,1157,,
0,0.0009659535717219114,1158,,
0,0.0009650692227296531,1159,,
0,0.0009641849319450557,1160,,
0,0.0009633005829527974,1161,,
0,0.0009624162339605391,1162,,
0,0.0009615319431759417,1163,,
0,0.0009606475941836834,1164,,
0,0.000959763303399086,1165,,
0,0.0009588789544068277,1166,,
0,0.0009579946636222303,1167,,
0,0.000957110314629972,1168,,
0,0.0009562259656377137,1169,,
0,0.0009553416748531163,1170,,
0,0.000954457325860858,1171,,
0,0.0009535730350762606,1172,,
0,0.0009526886860840023,1173,,
0,0.0009518043952994049,1174,,
0,0.0009509200463071465,1175,,
0,0.0009500357555225492,1176,,
0,0.0009491514065302908,1177,,
0,0.0009482670575380325,1178,,
0,0.0009473827667534351,1179,,
0,0.0009464984177611768,1180,,
0,0.0009456141269765794,1181,,
0,0.0009447297779843211,1182,,
0,0.0009438454871997237,1183,,
0,0.0009429611382074654,1184,,
0,0.000942076847422868,1185,,
0,0.0009411924984306097,1186,,
0,0.0009403081494383514,1187,,
0,0.000939423858653754,1188,,
0,0.0009385395096614957,1189,,
0,0.0009376552188768983,1190,,
0,0.00093677086988464,1191,,
0,0.0009358865791000426,1192,,
0,0.0009350022301077843,1193,,
0,0.000934117881115526,1194,,
0,0.0009332335903309286,1195,,
0,0.0009323492413386703,1196,,
0,0.0009314649505540729,1197,,
0,0.0009305806015618145,1198,,
0,0.0009296963107772171,1199,,
0,0.0009288119617849588,1200,,
0,0.0009279276710003614,1201,,
0,0.0009270433220081031,1202,,
0,0.0009261589730158448,1203,,
0,0.0009252746822312474,1204,,
0,0.0009243903332389891,1205,,
0,0.0009235060424543917,1206,,
0,0.0009226216934621334,1207,,
0,0.000921737402677536,1208,,
0,0.0009208530536852777,1209,,
0,0.0009199687629006803,1210,,
0,0.000919084413908422,1211,,
0,0.0009182000649161637,1212,,
0,0.0009173157741315663,1213,,
0,0.000916431425139308,1214,,
0,0.0009155471343547106,1215,,
0,0.0009146627853624523,1216,,
0,0.0009137784945778549,1217,,
0,0.0009128941455855966,1218,,
0,0.0009120098548009992,1219,,
0,0.0009111255058087409,1220,,
0,0.0009102411568164825,1221,,
0,0.0009093568660318851,1222,,
0,0.0009084725170396268,1223,,
0,0.0009075882262550294,1224,,
0,0.0009067038772627711,1225,,
0,0.0009058195864781737,1226,,
0,0.0009049352374859154,1227,,
0,0.0009040508884936571,1228,,
0,0.0009031665977090597,1229,,
0,0.0009022822487168014,1230,,
0,0.000901397957932204,1231,,
0,0.0009005136089399457,1232,,
0,0.0008996293181553483,1233,,
0,0.00089874496916309,1234,,
0,0.0008978606783784926,1235,,
0,0.0008969763293862343,1236,,
0,0.000896091980393976,1237,,
0,0.0008952076896093786,1238,,
0,0.0008943233406171203,1239,,
0,0.0008934390498325229,1240,,
0,0.0008925547008402646,1241,,
0,0.0008916704100556672,1242,,
0,0.0008907860610634089,1243,,
0,0.0008899017702788115,1244,,
0,0.0008890174212865531,1245,,
0,0.0008881330722942948,1246,,
0,0.0008872487815096974,1247,,
0,0.0008863644325174391,1248,,
0,0.0008854801417328417,1249,,
0,0.0008845957927405834,1250,,
0,0.000883711501955986,1251,,
0,0.0008828271529637277,1252,,
0,0.0008819428039714694,1253,,
0,0.000881058513186872,1254,,
0,0.0008801741641946137,1255,,
0,0.0008792898734100163,1256,,
0,0.000878405524417758,1257,,
0,0.0008775212336331606,1258,,
0,0.0008766368846409023,1259,,
0,0.0008757525938563049,1260,,
0,0.0008748682448640466,1261,,
0,0.0008739838958717883,1262,,
0,0.0008730996050871909,1263,,
0,0.0008722152560949326,1264,,
0,0.0008713309653103352,1265,,
0,0.0008704466163180768,1266,,
0,0.0008695623255334795,1267,,
0,0.0008686779765412211,1268,,
0,0.0008677936857566237,1269,,
0,0.0008669093367643654,1270,,
0,0.0008660249877721071,1271,,
0,0.0008651406969875097,1272,,
0,0.0008642563479952514,1273,,
0,0.000863372057210654,1274,,
0,0.0008624877082183957,1275,,
0,0.0008616034174337983,1276,,
0,0.00086071906844154,1277,,
0,0.0008598347194492817,1278,,
0,0.0008589504286646843,1279,,
0,0.000858066079672426,1280,,
0,0.0008571817888878286,1281,,
0,0.0008562974398955703,1282,,
0,0.0008554131491109729,1283,,
0,0.0008545288001187146,1284,,
0,0.0008536445093341172,1285,,
0,0.0008527601603418589,1286,,
0,0.0008518758113496006,1287,,
0,0.0008509915205650032,1288,,
0,0.0008501071715727448,1289,,
0,0.0008492228807881474,1290,,
0,0.0008483385317958891,1291,,
0,0.0008474542410112917,1292,,
0,0.0008465698920190334,1293,,
0,0.000845685601234436,1294,,
0,0.0008448012522421777,1295,,
0,0.0008439169032499194,1296,,
0,0.000843032612465322,1297,,
0,0.0008421482634730637,1298,,
0,0.0008412639726884663,1299,,
0,0.000840379623696208,1300,,
0,0.0008394953329116106,1301,,
0,0.0008386109839193523,1302,,
0,0.000837726634927094,1303,,
0,0.0008368423441424966,1304,,
0,0.0008359579951502383,1305,,
0,0.0008350737043656409,1306,,
0,0.0008341893553733826,1307,,
0,0.0008333050645887852,1308,,
0,0.0008324207155965269,1309,,
0,0.0008315364248119295,1310,,
0,0.0008306520758196712,1311,,
0,0.0008297677268274128,1312,,
0,0.0008288834360428154,1313,,
0,0.0008279990870505571,1314,,
0,0.0008271147962659597,1315,,
0,0.0008262304472737014,1316,,
0,0.000825346156489104,1317,,
0,0.0008244618074968457,1318,,
0,0.0008235775167122483,1319,,
0,0.00082269316771999,1320,,
0,0.0008218088187277317,1321,,
0,0.0008209245279431343,1322,,
0,0.000820040178950876,1323,,
0,0.0008191558881662786,1324,,
0,0.0008182715391740203,1325,,
0,0.0008173872483894229,1326,,
0,0.0008165028993971646,1327,,
0,0.0008156186086125672,1328,,
0,0.0008147342596203089,1329,,
0,0.0008138499106280506,1330,,
0,0.0008129656198434532,1331,,
0,0.0008120812708511949,1332,,
0,0.0008111969800665975,1333,,
0,0.0008103126310743392,1334,,
0,0.0008094283402897418,1335,,
0,0.0008085439912974834,1336,,
0,0.0008076596423052251,1337,,
0,0.0008067753515206277,1338,,
0,0.0008058910025283694,1339,,
0,0.000805006711743772,1340,,
0,0.0008041223627515137,1341,,
0,0.0008032380719669163,1342,,
0,0.000802353722974658,1343,,
0,0.0008014694321900606,1344,,
0,0.0008005850831978023,1345,,
0,0.000799700734205544,1346,,
0,0.0007988164434209466,1347,,
0,0.0007979320944286883,1348,,
0,0.0007970478036440909,1349,,
0,0.0007961634546518326,1350,,
0,0.0007952791638672352,1351,,
0,0.0007943948148749769,1352,,
0,0.0007935105240903795,1353,,
0,0.0007926261750981212,1354,,
0,0.0007917418261058629,1355,,
0,0.0007908575353212655,1356,,
0,0.0007899731863290071,1357,,
0,0.0007890888955444098,1358,,
0,0.0007882045465521514,1359,,
0,0.000787320255767554,1360,,
0,0.0007864359067752957,1361,,
0,0.0007855515577830374,1362,,
0,0.00078466726699844,1363,,
0,0.0007837829180061817,1364,,
0,0.0007828986272215843,1365,,
0,0.000782014278229326,1366,,
0,0.0007811299874447286,1367,,
0,0.0007802456384524703,1368,,
0,0.0007793613476678729,1369,,
0,0.0007784769986756146,1370,,
0,0.0007775926496833563,1371,,
0,0.0007767083588987589,1372,,
0,0.0007758240099065006,1373,,
0,0.0007749397191219032,1374,,
0,0.0007740553701296449,1375,,
0,0.0007731710793450475,1376,,
0,0.0007722867303527892,1377,,
0,0.0007714024395681918,1378,,
0,0.0007705180905759335,1379,,
0,0.0007696337415836751,1380,,
0,0.0007687494507990777,1381,,
0,0.0007678651018068194,1382,,
0,0.000766980811022222,1383,,
0,0.0007660964620299637,1384,,
0,0.0007652121712453663,1385,,
0,0.000764327822253108,1386,,
0,0.0007634434732608497,1387,,
0,0.0007625591824762523,1388,,
0,0.000761674833483994,1389,,
0,0.0007607905426993966,1390,,
0,0.0007599061937071383,1391,,
0,0.0007590219029225409,1392,,
0,0.0007581375539302826,1393,,
0,0.0007572532631456852,1394,,
0,0.0007563689141534269,1395,,
0,0.0007554845651611686,1396,,
0,0.0007546002743765712,1397,,
0,0.0007537159253843129,1398,,
0,0.0007528316345997155,1399,,
0,0.0007519472856074572,1400,,
0,0.0007510629948228598,1401,,
0,0.0007501786458306015,1402,,
0,0.0007492943550460041,1403,,
0,0.0007484100060537457,1404,,
0,0.0007475256570614874,1405,,
0,0.00074664136627689,1406,,
0,0.0007457570172846317,1407,,
0,0.0007448727265000343,1408,,
0,0.000743988377507776,1409,,
0,0.0007431040867231786,1410,,
0,0.0007422197377309203,1411,,
0,0.000741335388738662,1412,,
0,0.0007404510979540646,1413,,
0,0.0007395667489618063,1414,,
0,0.0007386824581772089,1415,,
0,0.0007377981091849506,1416,,
0,0.0007369138184003532,1417,,
0,0.0007360294694080949,1418,,
0,0.0007351451786234975,1419,,
0,0.0007342608296312392,1420,,
0,0.0007333764806389809,1421,,
0,0.0007324921898543835,1422,,
0,0.0007316078408621252,1423,,
0,0.0007307235500775278,1424,,
0,0.0007298392010852695,1425,,
0,0.0007289549103006721,1426,,
0,0.0007280705613084137,1427,,
0,0.0007271862705238163,1428,,
0,0.000726301921531558,1429,,
0,0.0007254175725392997,1430,,
0,0.0007245332817547023,1431,,
0,0.000723648932762444,1432,,
0,0.0007227646419778466,1433,,
0,0.0007218802929855883,1434,,
0,0.0007209960022009909,1435,,
0,0.0007201116532087326,1436,,
0,0.0007192273624241352,1437,,
0,0.0007183430134318769,1438,,
0,0.0007174586644396186,1439,,
0,0.0007165743736550212,1440,,
0,0.0007156900246627629,1441,,
0,0.0007148057338781655,1442,,
0,0.0007139213848859072,1443,,
0,0.0007130370941013098,1444,,
0,0.0007121527451090515,1445,,
0,0.0007112683961167932,1446,,
0,0.0007103841053321958,1447,,
0,0.0007094997563399374,1448,,
0,0.00070861546555534,1449,,
0,0.0007077311165630817,1450,,
0,0.0007068468257784843,1451,,
0,0.000705962476786226,1452,,
0,0.0007050781860016286,1453,,
0,0.0007041938370093703,1454,,
0,0.000703309488017112,1455,,
0,0.0007024251972325146,1456,,
0,0.0007015408482402563,1457,,
0,0.0007006565574556589,1458,,
0,0.0006997722084634006,1459,,
0,0.0006988879176788032,1460,,
0,0.0006980035686865449,1461,,
0,0.0006971192779019475,1462,,
0,0.0006962349289096892,1463,,
0,0.0006953505799174309,1464,,
0,0.0006944662891328335,1465,,
0,0.0006935819401405752,1466,,
0,0.0006926976493559778,1467,,
0,0.0006918133003637195,1468,,
0,0.0006909290095791221,1469,,
0,0.0006900446605868638,1470,,
0,0.0006891603115946054,1471,,
0,0.000688276020810008,1472,,
0,0.0006873916718177497,1473,,
0,0.0006865073810331523,1474,,
0,0.000685623032040894,1475,,
0,0.0006847387412562966,1476,,
0,0.0006838543922640383,1477,,
0,0.0006829701014794409,1478,,
0,0.0006820857524871826,1479,,
0,0.0006812014034949243,1480,,
0,0.0006803171127103269,1481,,
0,0.0006794327637180686,1482,,
0,0.0006785484729334712,1483,,
0,0.0006776641239412129,1484,,
0,0.0006767798331566155,1485,,
0,0.0006758954841643572,1486,,
0,0.0006750111933797598,1487,,
0,0.0006741268443875015,1488,,
0,0.0006732424953952432,1489,,
0,0.0006723582046106458,1490,,
0,0.0006714738556183875,1491,,
0,0.0006705895648337901,1492,,
0,0.0006697052158415318,1493,,
0,0.0006688209250569344,1494,,
0,0.000667936576064676,1495,,
0,0.0006670522270724177,1496,,
0,0.0006661679362878203,1497,,
0,0.000665283587295562,1498,,
0,0.0006643992965109646,1499,,
0,0.0006635149475187063,1500,,
0,0.0006626306567341089,1501,,
0,0.0006617463077418506,1502,,
0,0.0006608620169572532,1503,,
0,0.0006599776679649949,1504,,
0,0.0006590933189727366,1505,,
0,0.0006582090281881392,1506,,
0,0.0006573246791958809,1507,,
0,0.0006564403884112835,1508,,
0,0.0006555560394190252,1509,,
0,0.0006546717486344278,1510,,
0,0.0006537873996421695,1511,,
0,0.0006529031088575721,1512,,
0,0.0006520187598653138,1513,,
0,0.0006511344108730555,1514,,
0,0.0006502501200884581,1515,,
0,0.0006493657710961998,1516,,
0,0.0006484814803116024,1517,,
0,0.000647597131319344,1518,,
0,0.0006467128405347466,1519,,
0,0.0006458284915424883,1520,,
0,0.00064494414255023,1521,,
0,0.0006440598517656326,1522,,
0,0.0006431755027733743,1523,,
0,0.0006422912119887769,1524,,
0,0.0006414068629965186,1525,,
0,0.0006405225722119212,1526,,
0,0.0006396382232196629,1527,,
0,0.0006387539324350655,1528,,
0,0.0006378695834428072,1529,,
0,0.0006369852344505489,1530,,
0,0.0006361009436659515,1531,,
0,0.0006352165946736932,1532,,
0,0.0006343323038890958,1533,,
0,0.0006334479548968375,1534,,
0,0.0006325636641122401,1535,,
0,0.0006316793151199818,1536,,
0,0.0006307950243353844,1537,,
0,0.0006299106753431261,1538,,
0,0.0006290263263508677,1539,,
0,0.0006281420355662704,1540,,
0,0.000627257686574012,1541,,
0,0.0006263733957894146,1542,,
0,0.0006254890467971563,1543,,
0,0.0006246047560125589,1544,,
0,0.0006237204070203006,1545,,
0,0.0006228361162357032,1546,,
0,0.0006219517672434449,1547,,
0,0.0006210674182511866,1548,,
0,0.0006201831274665892,1549,,
0,0.0006192987784743309,1550,,
0,0.0006184144876897335,1551,,
0,0.0006175301386974752,1552,,
0,0.0006166458479128778,1553,,
0,0.0006157614989206195,1554,,
0,0.0006148771499283612,1555,,
0,0.0006139928591437638,1556,,
0,0.0006131085101515055,1557,,
0,0.0006122242193669081,1558,,
0,0.0006113398703746498,1559,,
0,0.0006104555795900524,1560,,
0,0.0006095712305977941,1561,,
0,0.0006086869398131967,1562,,
0,0.0006078025908209383,1563,,
0,0.00060691824182868,1564,,
0,0.0006060339510440826,1565,,
0,0.0006051496020518243,1566,,
0,0.0006042653112672269,1567,,
0,0.0006033809622749686,1568,,
0,0.0006024966714903712,1569,,
0,0.0006016123224981129,1570,,
0,0.0006007280317135155,1571,,
0,0.0005998436827212572,1572,,
0,0.0005989593337289989,1573,,
0,0.0005980750429444015,1574,,
0,0.0005971906939521432,1575,,
0,0.0005963064031675458,1576,,
0,0.0005954220541752875,1577,,
0,0.0005945377633906901,1578,,
0,0.0005936534143984318,1579,,
0,0.0005927690654061735,1580,,
0,0.0005918847746215761,1581,,
0,0.0005910004256293178,1582,,
0,0.0005901161348447204,1583,,
0,0.000589231785852462,1584,,
0,0.0005883474950678647,1585,,
0,0.0005874631460756063,1586,,
0,0.000586578855291009,1587,,
0,0.0005856945062987506,1588,,
0,0.0005848101573064923,1589,,
0,0.0005839258665218949,1590,,
0,0.0005830415175296366,1591,,
0,0.0005821572267450392,1592,,
0,0.0005812728777527809,1593,,
0,0.0005803885869681835,1594,,
0,0.0005795042379759252,1595,,
0,0.0005786199471913278,1596,,
0,0.0005777355981990695,1597,,
0,0.0005768512492068112,1598,,
0,0.0005759669584222138,1599,,
0,0.0005750826094299555,1600,,
0,0.0005741983186453581,1601,,
0,0.0005733139696530998,1602,,
0,0.0005724296788685024,1603,,
0,0.0005715453298762441,1604,,
0,0.0005706609808839858,1605,,
0,0.0005697766900993884,1606,,
0,0.00056889234110713,1607,,
0,0.0005680080503225327,1608,,
0,0.0005671237013302743,1609,,
0,0.000566239410545677,1610,,
0,0.0005653550615534186,1611,,
0,0.0005644707707688212,1612,,
0,0.0005635864217765629,1613,,
0,0.0005627020727843046,1614,,
0,0.0005618177819997072,1615,,
0,0.0005609334330074489,1616,,
0,0.0005600491422228515,1617,,
0,0.0005591647932305932,1618,,
0,0.0005582805024459958,1619,,
0,0.0005573961534537375,1620,,
0,0.0005565118626691401,1621,,
0,0.0005556275136768818,1622,,
0,0.0005547431646846235,1623,,
0,0.0005538588739000261,1624,,
0,0.0005529745249077678,1625,,
0,0.0005520902341231704,1626,,
0,0.0005512058851309121,1627,,
0,0.0005503215943463147,1628,,
0,0.0005494372453540564,1629,,
0,0.000548552896361798,1630,,
0,0.0005476686055772007,1631,,
0,0.0005467842565849423,1632,,
0,0.0005458999658003449,1633,,
0,0.0005450156168080866,1634,,
0,0.0005441313260234892,1635,,
0,0.0005432469770312309,1636,,
0,0.0005423626862466335,1637,,
0,0.0005414783372543752,1638,,
0,0.0005405939882621169,1639,,
0,0.0005397096974775195,1640,,
0,0.0005388253484852612,1641,,
0,0.0005379410577006638,1642,,
0,0.0005370567087084055,1643,,
0,0.0005361724179238081,1644,,
0,0.0005352880689315498,1645,,
0,0.0005344037781469524,1646,,
0,0.0005335194291546941,1647,,
0,0.0005326350801624358,1648,,
0,0.0005317507893778384,1649,,
0,0.0005308664403855801,1650,,
0,0.0005299821496009827,1651,,
0,0.0005290978006087244,1652,,
0,0.000528213509824127,1653,,
0,0.0005273291608318686,1654,,
0,0.0005264448700472713,1655,,
0,0.0005255605210550129,1656,,
0,0.0005246761720627546,1657,,
0,0.0005237918812781572,1658,,
0,0.0005229075322858989,1659,,
0,0.0005220232415013015,1660,,
0,0.0005211388925090432,1661,,
0,0.0005202546017244458,1662,,
0,0.0005193702527321875,1663,,
0,0.0005184859037399292,1664,,
0,0.0005176016129553318,1665,,
0,0.0005167172639630735,1666,,
0,0.0005158329731784761,1667,,
0,0.0005149486241862178,1668,,
0,0.0005140643334016204,1669,,
0,0.0005131799844093621,1670,,
0,0.0005122956936247647,1671,,
0,0.0005114113446325064,1672,,
0,0.0005105269956402481,1673,,
0,0.0005096427048556507,1674,,
0,0.0005087583558633924,1675,,
0,0.000507874065078795,1676,,
0,0.0005069897160865366,1677,,
0,0.0005061054253019392,1678,,
0,0.0005052210763096809,1679,,
0,0.0005043367855250835,1680,,
0,0.0005034524365328252,1681,,
0,0.0005025680875405669,1682,,
0,0.0005016837967559695,1683,,
0,0.0005007994477637112,1684,,
0,0.0004999151569791138,1685,,
0,0.0004990308079868555,1686,,
0,0.0004981465172022581,1687,,
0,0.0004972621682099998,1688,,
0,0.0004963778192177415,1689,,
0,0.0004954935284331441,1690,,
0,0.0004946091794408858,1691,,
0,0.0004937248886562884,1692,,
0,0.0004928405396640301,1693,,
0,0.0004919562488794327,1694,,
0,0.0004910718998871744,1695,,
0,0.000490187609102577,1696,,
0,0.0004893032601103187,1697,,
0,0.0004884189111180604,1698,,
0,0.00048753462033346295,1699,,
0,0.0004866503004450351,1700,,
0,0.00048576598055660725,1701,,
0,0.00048488163156434894,1702,,
0,0.0004839973116759211,1703,,
0,0.00048311299178749323,1704,,
0,0.0004822286718990654,1705,,
0,0.0004813443520106375,1706,,
0,0.00048046003212220967,1707,,
0,0.0004795757122337818,1708,,
0,0.00047869139234535396,1709,,
0,0.00047780704335309565,1710,,
0,0.0004769227234646678,1711,,
0,0.00047603840357623994,1712,,
0,0.0004751540836878121,1713,,
0,0.00047426976379938424,1714,,
0,0.0004733854439109564,1715,,
0,0.00047250112402252853,1716,,
0,0.0004716168041341007,1717,,
0,0.0004707324842456728,1718,,
0,0.0004698481352534145,1719,,
0,0.00046896381536498666,1720,,
0,0.0004680794954765588,1721,,
0,0.00046719517558813095,1722,,
0,0.0004663108556997031,1723,,
0,0.00046542653581127524,1724,,
0,0.0004645422159228474,1725,,
0,0.00046365789603441954,1726,,
0,0.0004627735470421612,1727,,
0,0.00046188922715373337,1728,,
0,0.0004610049072653055,1729,,
0,0.00046012058737687767,1730,,
0,0.0004592362674884498,1731,,
0,0.00045835194760002196,1732,,
0,0.0004574676277115941,1733,,
0,0.00045658330782316625,1734,,
0,0.00045569895883090794,1735,,
0,0.0004548146389424801,1736,,
0,0.00045393031905405223,1737,,
0,0.0004530459991656244,1738,,
0,0.0004521616792771965,1739,,
0,0.0004512773593887687,1740,,
0,0.0004503930395003408,1741,,
0,0.00044950871961191297,1742,,
0,0.0004486243997234851,1743,,
0,0.0004477400507312268,1744,,
0,0.00044685573084279895,1745,,
0,0.0004459714109543711,1746,,
0,0.00044508709106594324,1747,,
0,0.0004442027711775154,1748,,
0,0.00044331845128908753,1749,,
0,0.0004424341314006597,1750,,
0,0.0004415498115122318,1751,,
0,0.0004406654625199735,1752,,
0,0.00043978114263154566,1753,,
0,0.0004388968227431178,1754,,
0,0.00043801250285468996,1755,,
0,0.0004371281829662621,1756,,
0,0.00043624386307783425,1757,,
0,0.0004353595431894064,1758,,
0,0.00043447522330097854,1759,,
0,0.00043359087430872023,1760,,
0,0.0004327065544202924,1761,,
0,0.0004318222345318645,1762,,
0,0.00043093791464343667,1763,,
0,0.0004300535947550088,1764,,
0,0.00042916927486658096,1765,,
0,0.0004282849549781531,1766,,
0,0.00042740063508972526,1767,,
0,0.0004265163152012974,1768,,
0,0.0004256319662090391,1769,,
0,0.00042474764632061124,1770,,
0,0.0004238633264321834,1771,,
0,0.00042297900654375553,1772,,
0,0.0004220946866553277,1773,,
0,0.0004212103667668998,1774,,
0,0.00042032604687847197,1775,,
0,0.0004194417269900441,1776,,
0,0.0004185573779977858,1777,,
0,0.00041767305810935795,1778,,
0,0.0004167887382209301,1779,,
0,0.00041590441833250225,1780,,
0,0.0004150200984440744,1781,,
0,0.00041413577855564654,1782,,
0,0.0004132514586672187,1783,,
0,0.00041236713877879083,1784,,
0,0.000411482818890363,1785,,
0,0.00041059846989810467,1786,,
0,0.0004097141500096768,1787,,
0,0.00040882983012124896,1788,,
0,0.0004079455102328211,1789,,
0,0.00040706119034439325,1790,,
0,0.0004061768704559654,1791,,
0,0.00040529255056753755,1792,,
0,0.0004044082306791097,1793,,
0,0.0004035238816868514,1794,,
0,0.00040263956179842353,1795,,
0,0.0004017552419099957,1796,,
0,0.0004008709220215678,1797,,
0,0.00039998660213313997,1798,,
0,0.0003991022822447121,1799,,
0,0.00039821796235628426,1800,,
0,0.0003973336424678564,1801,,
0,0.0003964492934755981,1802,,
0,0.00039556497358717024,1803,,
0,0.0003946806536987424,1804,,
0,0.00039379633381031454,1805,,
0,0.0003929120139218867,1806,,
0,0.00039202769403345883,1807,,
0,0.000391143374145031,1808,,
0,0.0003902590542566031,1809,,
0,0.00038937473436817527,1810,,
0,0.00038849038537591696,1811,,
0,0.0003876060654874891,1812,,
0,0.00038672174559906125,1813,,
0,0.0003858374257106334,1814,,
0,0.00038495310582220554,1815,,
0,0.0003840687859337777,1816,,
0,0.00038318446604534984,1817,,
0,0.000382300146156922,1818,,
0,0.00038141579716466367,1819,,
0,0.0003805314772762358,1820,,
0,0.00037964715738780797,1821,,
0,0.0003787628374993801,1822,,
0,0.00037787851761095226,1823,,
0,0.0003769941977225244,1824,,
0,0.00037610987783409655,1825,,
0,0.0003752255579456687,1826,,
0,0.00037434123805724084,1827,,
0,0.00037345688906498253,1828,,
0,0.0003725725691765547,1829,,
0,0.0003716882492881268,1830,,
0,0.00037080392939969897,1831,,
0,0.0003699196095112711,1832,,
0,0.00036903528962284327,1833,,
0,0.0003681509697344154,1834,,
0,0.00036726664984598756,1835,,
0,0.00036638230085372925,1836,,
0,0.0003654979809653014,1837,,
0,0.00036461366107687354,1838,,
0,0.0003637293411884457,1839,,
0,0.00036284502130001783,1840,,
0,0.00036196070141159,1841,,
0,0.0003610763815231621,1842,,
0,0.0003601920616347343,1843,,
0,0.00035930771264247596,1844,,
0,0.0003584233927540481,1845,,
0,0.00035753907286562026,1846,,
0,0.0003566547529771924,1847,,
0,0.00035577043308876455,1848,,
0,0.0003548861132003367,1849,,
0,0.00035400179331190884,1850,,
0,0.000353117473423481,1851,,
0,0.00035223315353505313,1852,,
0,0.0003513488045427948,1853,,
0,0.00035046448465436697,1854,,
0,0.0003495801647659391,1855,,
0,0.00034869584487751126,1856,,
0,0.0003478115249890834,1857,,
0,0.00034692720510065556,1858,,
0,0.0003460428852122277,1859,,
0,0.00034515856532379985,1860,,
0,0.00034427421633154154,1861,,
0,0.0003433898964431137,1862,,
0,0.00034250557655468583,1863,,
0,0.000341621256666258,1864,,
0,0.0003407369367778301,1865,,
0,0.00033985261688940227,1866,,
0,0.0003389682970009744,1867,,
0,0.00033808397711254656,1868,,
0,0.0003371996572241187,1869,,
0,0.0003363153082318604,1870,,
0,0.00033543098834343255,1871,,
0,0.0003345466684550047,1872,,
0,0.00033366234856657684,1873,,
0,0.000332778028678149,1874,,
0,0.00033189370878972113,1875,,
0,0.0003310093889012933,1876,,
0,0.0003301250690128654,1877,,
0,0.0003292407200206071,1878,,
0,0.00032835640013217926,1879,,
0,0.0003274720802437514,1880,,
0,0.00032658776035532355,1881,,
0,0.0003257034404668957,1882,,
0,0.00032481912057846785,1883,,
0,0.00032393480069004,1884,,
0,0.00032305048080161214,1885,,
0,0.00032216613180935383,1886,,
0,0.000321281811920926,1887,,
0,0.0003203974920324981,1888,,
0,0.00031951317214407027,1889,,
0,0.0003186288522556424,1890,,
0,0.00031774453236721456,1891,,
0,0.0003168602124787867,1892,,
0,0.00031597589259035885,1893,,
0,0.000315091572701931,1894,,
0,0.0003142072237096727,1895,,
0,0.00031332290382124484,1896,,
0,0.000312438583932817,1897,,
0,0.00031155426404438913,1898,,
0,0.0003106699441559613,1899,,
0,0.0003097856242675334,1900,,
0,0.00030890130437910557,1901,,
0,0.0003080169844906777,1902,,
0,0.0003071326354984194,1903,,
0,0.00030624831560999155,1904,,
0,0.0003053639957215637,1905,,
0,0.00030447967583313584,1906,,
0,0.000303595355944708,1907,,
0,0.00030271103605628014,1908,,
0,0.0003018267161678523,1909,,
0,0.00030094239627942443,1910,,
0,0.0003000580472871661,1911,,
0,0.00029917372739873827,1912,,
0,0.0002982894075103104,1913,,
0,0.00029740508762188256,1914,,
0,0.0002965207677334547,1915,,
0,0.00029563644784502685,1916,,
0,0.000294752127956599,1917,,
0,0.00029386780806817114,1918,,
0,0.0002929834881797433,1919,,
0,0.000292099139187485,1920,,
0,0.0002912148192990571,1921,,
0,0.00029033049941062927,1922,,
0,0.0002894461795222014,1923,,
0,0.00028856185963377357,1924,,
0,0.0002876775397453457,1925,,
0,0.00028679321985691786,1926,,
0,0.00028590889996849,1927,,
0,0.0002850245509762317,1928,,
0,0.00028414023108780384,1929,,
0,0.000283255911199376,1930,,
0,0.00028237159131094813,1931,,
0,0.0002814872714225203,1932,,
0,0.0002806029515340924,1933,,
0,0.00027971863164566457,1934,,
0,0.0002788343117572367,1935,,
0,0.00027794999186880887,1936,,
0,0.00027706564287655056,1937,,
0,0.0002761813229881227,1938,,
0,0.00027529700309969485,1939,,
0,0.000274412683211267,1940,,
0,0.00027352836332283914,1941,,
0,0.0002726440434344113,1942,,
0,0.00027175972354598343,1943,,
0,0.0002708754036575556,1944,,
0,0.00026999105466529727,1945,,
0,0.0002691067347768694,1946,,
0,0.00026822241488844156,1947,,
0,0.0002673380950000137,1948,,
0,0.00026645377511158586,1949,,
0,0.000265569455223158,1950,,
0,0.00026468513533473015,1951,,
0,0.0002638008154463023,1952,,
0,0.000262916466454044,1953,,
0,0.00026203214656561613,1954,,
0,0.0002611478266771883,1955,,
0,0.0002602635067887604,1956,,
0,0.00025937918690033257,1957,,
0,0.0002584948670119047,1958,,
0,0.00025761054712347686,1959,,
0,0.000256726227235049,1960,,
0,0.00025584190734662116,1961,,
0,0.00025495755835436285,1962,,
0,0.000254073238465935,1963,,
0,0.00025318891857750714,1964,,
0,0.0002523045986890793,1965,,
0,0.00025142027880065143,1966,,
0,0.0002505359589122236,1967,,
0,0.0002496516390237957,1968,,
0,0.00024876731913536787,1969,,
0,0.00024788297014310956,1970,,
0,0.0002469986502546817,1971,,
0,0.00024611433036625385,1972,,
0,0.000245230010477826,1973,,
0,0.00024434569058939815,1974,,
0,0.0002434613707009703,1975,,
0,0.0002425770362606272,1976,,
0,0.00024169271637219936,1977,,
0,0.0002408083964837715,1978,,
0,0.00023992407659534365,1979,,
0,0.0002390397567069158,1980,,
0,0.00023815542226657271,1981,,
0,0.00023727110237814486,1982,,
0,0.000236386782489717,1983,,
0,0.00023550246260128915,1984,,
0,0.00023461812816094607,1985,,
0,0.00023373380827251822,1986,,
0,0.00023284948838409036,1987,,
0,0.0002319651684956625,1988,,
0,0.00023108083405531943,1989,,
0,0.00023019651416689157,1990,,
0,0.00022931219427846372,1991,,
0,0.00022842787439003587,1992,,
0,0.00022754353994969279,1993,,
0,0.00022665922006126493,1994,,
0,0.00022577490017283708,1995,,
0,0.00022489058028440922,1996,,
0,0.00022400624584406614,1997,,
0,0.0002231219259556383,1998,,
0,0.00022223760606721044,1999,,
0,0.00022135328617878258,2000,,
0,0.00022046896629035473,2001,,
0,0.00021958463185001165,2002,,
0,0.0002187003119615838,2003,,
0,0.00021781599207315594,2004,,
0,0.00021693167218472809,2005,,
0,0.000216047337744385,2006,,
0,0.00021516301785595715,2007,,
0,0.0002142786979675293,2008,,
0,0.00021339437807910144,2009,,
0,0.00021251004363875836,2010,,
0,0.0002116257237503305,2011,,
0,0.00021074140386190265,2012,,
0,0.0002098570839734748,2013,,
0,0.00020897274953313172,2014,,
0,0.00020808842964470387,2015,,
0,0.000207204109756276,2016,,
0,0.00020631978986784816,2017,,
0,0.00020543545542750508,2018,,
0,0.00020455113553907722,2019,,
0,0.00020366681565064937,2020,,
0,0.00020278249576222152,2021,,
0,0.00020189817587379366,2022,,
0,0.00020101384143345058,2023,,
0,0.00020012952154502273,2024,,
0,0.00019924520165659487,2025,,
0,0.00019836088176816702,2026,,
0,0.00019747654732782394,2027,,
0,0.00019659222743939608,2028,,
0,0.00019570790755096823,2029,,
0,0.00019482358766254038,2030,,
0,0.0001939392532221973,2031,,
0,0.00019305493333376944,2032,,
0,0.0001921706134453416,2033,,
0,0.00019128629355691373,2034,,
0,0.00019040195911657065,2035,,
0,0.0001895176392281428,2036,,
0,0.00018863331933971494,2037,,
0,0.0001877489994512871,2038,,
0,0.000186864665010944,2039,,
0,0.00018598034512251616,2040,,
0,0.0001850960252340883,2041,,
0,0.00018421170534566045,2042,,
0,0.0001833273854572326,2043,,
0,0.0001824430510168895,2044,,
0,0.00018155873112846166,2045,,
0,0.0001806744112400338,2046,,
0,0.00017979009135160595,2047,,
0,0.00017890575691126287,2048,,
0,0.00017802143702283502,2049,,
0,0.00017713711713440716,2050,,
0,0.0001762527972459793,2051,,
0,0.00017536846280563623,2052,,
0,0.00017448414291720837,2053,,
0,0.00017359982302878052,2054,,
0,0.00017271550314035267,2055,,
0,0.00017183116870000958,2056,,
0,0.00017094684881158173,2057,,
0,0.00017006252892315388,2058,,
0,0.00016917820903472602,2059,,
0,0.00016829387459438294,2060,,
0,0.0001674095547059551,2061,,
0,0.00016652523481752723,2062,,
0,0.00016564091492909938,2063,,
0,0.0001647565804887563,2064,,
0,0.00016387226060032845,2065,,
0,0.0001629879407119006,2066,,
0,0.00016210362082347274,2067,,
0,0.00016121930093504488,2068,,
0,0.0001603349664947018,2069,,
0,0.00015945064660627395,2070,,
0,0.0001585663267178461,2071,,
0,0.00015768200682941824,2072,,
0,0.00015679767238907516,2073,,
0,0.0001559133525006473,2074,,
0,0.00015502903261221945,2075,,
0,0.0001541447127237916,2076,,
0,0.00015326037828344852,2077,,
0,0.00015237605839502066,2078,,
0,0.0001514917385065928,2079,,
0,0.00015060741861816496,2080,,
0,0.00014972308417782187,2081,,
0,0.00014883876428939402,2082,,
0,0.00014795444440096617,2083,,
0,0.00014707012451253831,2084,,
0,0.00014618579007219523,2085,,
0,0.00014530147018376738,2086,,
0,0.00014441715029533952,2087,,
0,0.00014353283040691167,2088,,
0,0.00014264851051848382,2089,,
0,0.00014176417607814074,2090,,
0,0.00014087985618971288,2091,,
0,0.00013999553630128503,2092,,
0,0.00013911121641285717,2093,,
0,0.0001382268819725141,2094,,
0,0.00013734256208408624,2095,,
0,0.00013645824219565839,2096,,
0,0.00013557392230723053,2097,,
0,0.00013468958786688745,2098,,
0,0.0001338052679784596,2099,,
0,0.00013292094809003174,2100,,
0,0.0001320366282016039,2101,,
0,0.0001311522937612608,2102,,
0,0.00013026797387283295,2103,,
0,0.0001293836539844051,2104,,
0,0.00012849933409597725,2105,,
0,0.00012761499965563416,2106,,
0,0.0001267306797672063,2107,,
0,0.00012584635987877846,2108,,
0,0.0001249620399903506,2109,,
0,0.00012407772010192275,2110,,
0,0.00012319338566157967,2111,,
0,0.00012230906577315181,2112,,
0,0.00012142474588472396,2113,,
0,0.0001205404187203385,2114,,
0,0.00011965609883191064,2115,,
0,0.00011877177166752517,2116,,
0,0.00011788745177909732,2117,,
0,0.00011700312461471185,2118,,
0,0.000116118804726284,2119,,
0,0.00011523447756189853,2120,,
0,0.00011435015767347068,2121,,
0,0.00011346583050908521,2122,,
0,0.00011258151062065735,2123,,
0,0.00011169718345627189,2124,,
0,0.00011081286356784403,2125,,
0,0.00010992853640345857,2126,,
0,0.00010904421651503071,2127,,
0,0.00010815988935064524,2128,,
0,0.00010727556946221739,2129,,
0,0.00010639124957378954,2130,,
0,0.00010550692240940407,2131,,
0,0.00010462260252097622,2132,,
0,0.00010373827535659075,2133,,
0,0.0001028539554681629,2134,,
0,0.00010196962830377743,2135,,
0,0.00010108530841534957,2136,,
0,0.0001002009812509641,2137,,
0,9.931666136253625e-05,2138,,
0,9.843233419815078e-05,2139,,
0,9.754801430972293e-05,2140,,
0,9.666368714533746e-05,2141,,
0,9.577936725690961e-05,2142,,
0,9.489504009252414e-05,2143,,
0,9.401072020409629e-05,2144,,
0,9.312639303971082e-05,2145,,
0,9.224207315128297e-05,2146,,
0,9.13577459868975e-05,2147,,
0,9.047342609846964e-05,2148,,
0,8.958909893408418e-05,2149,,
0,8.870477904565632e-05,2150,,
0,8.782045915722847e-05,2151,,
0,8.6936131992843e-05,2152,,
0,8.605181210441515e-05,2153,,
0,8.516748494002968e-05,2154,,
0,8.428316505160183e-05,2155,,
0,8.339883788721636e-05,2156,,
0,8.25145179987885e-05,2157,,
0,8.163019083440304e-05,2158,,
0,8.074587094597518e-05,2159,,
0,7.986154378158972e-05,2160,,
0,7.897722389316186e-05,2161,,
0,7.80928967287764e-05,2162,,
0,7.720857684034854e-05,2163,,
0,7.632424967596307e-05,2164,,
0,7.543992978753522e-05,2165,,
0,7.455560262314975e-05,2166,,
0,7.36712827347219e-05,2167,,
0,7.278695557033643e-05,2168,,
0,7.190263568190858e-05,2169,,
0,7.101830851752311e-05,2170,,
0,7.013398862909526e-05,2171,,
0,6.924966146470979e-05,2172,,
0,6.836534157628193e-05,2173,,
0,6.748102168785408e-05,2174,,
0,6.659669452346861e-05,2175,,
0,6.571237463504076e-05,2176,,
0,6.482804747065529e-05,2177,,
0,6.394372758222744e-05,2178,,
0,6.305940041784197e-05,2179,,
0,6.217508052941412e-05,2180,,
0,6.129075336502865e-05,2181,,
0,6.040642983862199e-05,2182,,
0,5.952210631221533e-05,2183,,
0,5.8637786423787475e-05,2184,,
0,5.7753462897380814e-05,2185,,
0,5.686913937097415e-05,2186,,
0,5.598481584456749e-05,2187,,
0,5.510049231816083e-05,2188,,
0,5.421616879175417e-05,2189,,
0,5.333184526534751e-05,2190,,
0,5.244752173894085e-05,2191,,
0,5.156319821253419e-05,2192,,
0,5.067887468612753e-05,2193,,
0,4.979455115972087e-05,2194,,
0,4.891022763331421e-05,2195,,
0,4.8025904106907547e-05,2196,,
0,4.7141580580500886e-05,2197,,
0,4.6257257054094225e-05,2198,,
0,4.5372933527687564e-05,2199,,
0,4.4488610001280904e-05,2200,,
0,4.360428647487424e-05,2201,,
0,4.271996294846758e-05,2202,,
0,4.183563942206092e-05,2203,,
0,4.095131589565426e-05,2204,,
0,4.006699600722641e-05,2205,,
0,3.918267248081975e-05,2206,,
0,3.8298348954413086e-05,2207,,
0,3.7414025428006425e-05,2208,,
0,3.6529701901599765e-05,2209,,
0,3.5645378375193104e-05,2210,,
0,3.4761054848786443e-05,2211,,
0,3.387673132237978e-05,2212,,
0,3.299240779597312e-05,2213,,
0,3.210808426956646e-05,2214,,
0,3.12237607431598e-05,2215,,
0,3.033943721675314e-05,2216,,
0,2.945511369034648e-05,2217,,
0,2.857079016393982e-05,2218,,
0,2.7686466637533158e-05,2219,,
0,2.6802143111126497e-05,2220,,
0,2.5917819584719837e-05,2221,,
0,2.503349787730258e-05,2222,,
0,2.414917435089592e-05,2223,,
0,2.3264850824489258e-05,2224,,
0,2.2380527298082598e-05,2225,,
0,2.1496203771675937e-05,2226,,
0,2.0611880245269276e-05,2227,,
0,1.9727556718862616e-05,2228,,
0,1.8843233192455955e-05,2229,,
0,1.7958909666049294e-05,2230,,
0,1.7074586139642633e-05,2231,,
0,1.6190262613235973e-05,2232,,
0,1.5305940905818716e-05,2233,,
0,1.4421616469917353e-05,2234,,
0,1.3537293853005394e-05,2235,,
0,1.2652970326598734e-05,2236,,
0,1.1768646800192073e-05,2237,,
0,1.0884323273785412e-05,2238,,
0,,2238,,0.04214206063056621
0,,2238,0.05868053560408818,
